{
  "accuracy": [
    0.15949073433876038,
    0.4826388955116272,
    0.6016203761100769,
    0.6509259343147278,
    0.6902777552604675,
    0.7097222208976746,
    0.7238426208496094,
    0.7409722208976746,
    0.7462962865829468,
    0.7680555582046509,
    0.7652778029441833,
    0.7743055820465088,
    0.8143518567085266,
    0.835185170173645,
    0.8377314805984497,
    0.8439815044403076,
    0.8611111044883728,
    0.8613426089286804,
    0.8627314567565918,
    0.8699073791503906
  ],
  "val_accuracy": [
    0.5537037253379822,
    0.6722221970558167,
    0.6944444179534912,
    0.7231481671333313,
    0.7259259223937988,
    0.7314814925193787,
    0.7564814686775208,
    0.7555555701255798,
    0.7648147940635681,
    0.7712963223457336,
    0.7675926089286804,
    0.7592592835426331,
    0.7861111164093018,
    0.7916666865348816,
    0.7972221970558167,
    0.800000011920929,
    0.8046296238899231,
    0.8009259104728699,
    0.7861111164093018,
    0.8120370507240295
  ],
  "loss": [
    3.7990264892578125,
    1.9781928062438965,
    1.458389163017273,
    1.2680304050445557,
    1.127719521522522,
    1.0518518686294556,
    0.9802379608154297,
    0.8962782621383667,
    0.8636913299560547,
    0.8058583736419678,
    0.7908099293708801,
    0.7613640427589417,
    0.6455073356628418,
    0.5675886273384094,
    0.5620331764221191,
    0.5372574329376221,
    0.4819234311580658,
    0.4684262275695801,
    0.4459327757358551,
    0.42363494634628296
  ],
  "val_loss": [
    2.0139567852020264,
    1.2569199800491333,
    1.115540623664856,
    1.0507774353027344,
    0.9622945189476013,
    0.9337220788002014,
    0.8615303039550781,
    0.8984796404838562,
    0.8325985670089722,
    0.8753793239593506,
    0.8381556272506714,
    0.8523113131523132,
    0.7429865002632141,
    0.7661603093147278,
    0.7717680335044861,
    0.7487643957138062,
    0.6950698494911194,
    0.7458323240280151,
    0.7678529620170593,
    0.7404149174690247
  ]
}